{
"living_daytime":{"category":"master","sounds":["living_daytime13","living_daytime58","living_daytime2","living_daytime11","living_daytime51","living_daytime57","living_daytime36","living_daytime37","living_daytime26","living_daytime56","living_daytime54","living_daytime39","living_daytime21","living_daytime47","living_daytime18","living_daytime19","living_daytime6","living_daytime52","living_daytime55","living_daytime33","living_daytime40","living_daytime8","living_daytime32","living_daytime41","living_daytime3","living_daytime59","living_daytime53","living_daytime20","living_daytime28","living_daytime43","living_daytime49","living_daytime27","living_daytime17","living_daytime35","living_daytime46","living_daytime4","living_daytime45","living_daytime25","living_daytime5","living_daytime14","living_daytime50","living_daytime60","living_daytime29","living_daytime12","living_daytime15","living_daytime30","living_daytime23","living_daytime24","living_daytime16","living_daytime9","living_daytime44","living_daytime38","living_daytime7","living_daytime22","living_daytime1","living_daytime31","living_daytime34","living_daytime42","living_daytime10","living_daytime48"]},
"living_cold":{"category":"master","sounds":["living_cold3","living_cold2","living_cold1"]},
"goodnight":{"category":"master","sounds":["goodnight1","goodnight2","goodnight3","goodnight4"]},
"attack":{"category":"master","sounds":["attack5","attack3","attack8","attack7","attack2","attack1","attack4","attack6"]},
"hurt_fire":{"category":"master","sounds":["hurt_fire1","hurt_fire3","hurt_fire2"]},
"living_snow":{"category":"master","sounds":["living_snow2","living_snow1","living_snow4","living_snow3"]},
"TNT_D":{"category":"master","sounds":["TNT_D1","TNT_D3","TNT_D2"]},
"findTarget_D":{"category":"master","sounds":["findTarget_D1","findTarget_D3","findTarget_D4","findTarget_D2"]},
"findTarget_I":{"category":"master","sounds":["findTarget_I4","findTarget_I1","findTarget_I5","findTarget_I3","findTarget_I2"]},
"hurt_nodamege":{"category":"master","sounds":["hurt_nodamege3","hurt_nodamege2","hurt_nodamege1","hurt_nodamege4"]},
"goodmorning":{"category":"master","sounds":["goodmorning2","goodmorning3","goodmorning1"]},
"hurt_snow":{"category":"master","sounds":["hurt_snow3","hurt_snow1","hurt_snow4","hurt_snow2"]},
"attack_bloodsuck":{"category":"master","sounds":["attack_bloodsuck4","attack_bloodsuck2","attack_bloodsuck1","attack_bloodsuck3"]},
"healing_potion":{"category":"master","sounds":["healing_potion1","healing_potion3","healing_potion2"]},
"living_whine":{"category":"master","sounds":["living_whine5","living_whine2","living_whine4","living_whine1","living_whine3"]},
"cookingOver":{"category":"master","sounds":["cookingOver2","cookingOver3","cookingOver1"]},
"getCake":{"category":"master","sounds":["getCake2","getCake1","getCake5","getCake3","getCake4"]},
"living_rain":{"category":"master","sounds":["living_rain1","living_rain2","living_rain3"]},
"living_morning":{"category":"master","sounds":["living_morning3","living_morning1","living_morning2"]},
"living_mornig":{"category":"master","sounds":["living_mornig2","living_mornig3","living_mornig1","living_mornig4"]},
"death":{"category":"master","sounds":["death2","death1","death3","death4","death5"]},
"living_night":{"category":"master","sounds":["living_night2","living_night1"]},
"installation":{"category":"master","sounds":["installation2","installation5","installation3","installation4","installation1","installation7","installation6"]},
"findTarget_B":{"category":"master","sounds":["findTarget_B4","findTarget_B3","findTarget_B2","findTarget_B1","findTarget_B5"]},
"addFuel":{"category":"master","sounds":["addFuel2","addFuel3","addFuel1"]},
"shoot":{"category":"master","sounds":["shoot4","shoot2","shoot3","shoot1"]},
"findTarget_N":{"category":"master","sounds":["findTarget_N3","findTarget_N5","findTarget_N1","findTarget_N2","findTarget_N7","findTarget_N4","findTarget_N6"]},
"shoot_burst":{"category":"master","sounds":["shoot_burst3","shoot_burst1","shoot_burst2"]},
"sighting":{"category":"master","sounds":["sighting2","sighting3","sighting4","sighting1"]},
"collect_snow":{"category":"master","sounds":["collect_snow1","collect_snow3","collect_snow2"]},
"Recontract":{"category":"master","sounds":["Recontract2","Recontract1","Recontract3"]},
"hurt_fall":{"category":"master","sounds":["hurt_fall3","hurt_fall1","hurt_fall2"]},
"eatSugar_MaxPower":{"category":"master","sounds":["eatSugar_MaxPower1"]},
"hurt":{"category":"master","sounds":["hurt4","hurt2","hurt3","hurt1","hurt6","hurt5"]},
"cookingStart":{"category":"master","sounds":["cookingStart3","cookingStart2","cookingStart1"]},
"living_hot":{"category":"master","sounds":["living_hot1","living_hot2"]},
"laughter":{"category":"master","sounds":["laughter3","laughter2","laughter1"]},
"hurt_guard":{"category":"master","sounds":["hurt_guard1","hurt_guard3","hurt_guard2"]},
"eat_sugar":{"category":"master","sounds":["eat_sugar1"]},
"healing":{"category":"master","sounds":["healing3","healing2","healing1"]},
"eatSugar":{"category":"master","sounds":["eatSugar1","eatSugar2","eatSugar3","eatSugar4"]},
"eatsugar":{"category":"master","sounds":["eatsugar2"]}
}

