{
"addFuel":{"category":"master","sounds":["addFuel1","addFuel2","addFuel3"]},
"attack":{"category":"master","sounds":["attack1","attack2","attack3","attack4","attack5","attack6","attack7","attack8"]},
"attack_bloodsuck":{"category":"master","sounds":["attack_bloodsuck1","attack_bloodsuck2","attack_bloodsuck3","attack_bloodsuck4"]},
"collect_snow":{"category":"master","sounds":["collect_snow1","collect_snow2","collect_snow3"]},
"cookingOver":{"category":"master","sounds":["cookingOver1","cookingOver2","cookingOver3"]},
"cookingStart":{"category":"master","sounds":["cookingStart1","cookingStart2","cookingStart3"]},
"death":{"category":"master","sounds":["death1","death2","death3","death4","death5"]},
"eatSugar":{"category":"master","sounds":["eatSugar1","eatSugar3","eatSugar4"]},
"eatsugar":{"category":"master","sounds":["eatsugar2"]},
"eatSugar_MaxPower":{"category":"master","sounds":["eatSugar_MaxPower1"]},
"eat_sugar":{"category":"master","sounds":["eat_sugar1"]},
"findTarget_B":{"category":"master","sounds":["findTarget_B1","findTarget_B2","findTarget_B3","findTarget_B4","findTarget_B5"]},
"findTarget_D":{"category":"master","sounds":["findTarget_D1","findTarget_D2","findTarget_D3","findTarget_D4"]},
"findTarget_I":{"category":"master","sounds":["findTarget_I1","findTarget_I2","findTarget_I3","findTarget_I4","findTarget_I5"]},
"findTarget_N":{"category":"master","sounds":["findTarget_N1","findTarget_N2","findTarget_N3","findTarget_N4","findTarget_N5","findTarget_N6","findTarget_N7"]},
"getCake":{"category":"master","sounds":["getCake1","getCake2","getCake3","getCake4","getCake5"]},
"goodmorning":{"category":"master","sounds":["goodmorning1","goodmorning2","goodmorning3"]},
"goodnight":{"category":"master","sounds":["goodnight1","goodnight2","goodnight3","goodnight4"]},
"healing":{"category":"master","sounds":["healing1","healing2","healing3"]},
"healing_potion":{"category":"master","sounds":["healing_potion1","healing_potion2","healing_potion3"]},
"hurt":{"category":"master","sounds":["hurt1","hurt2","hurt3","hurt4","hurt5","hurt6"]},
"hurt_fall":{"category":"master","sounds":["hurt_fall1","hurt_fall2","hurt_fall3"]},
"hurt_fire":{"category":"master","sounds":["hurt_fire1","hurt_fire2","hurt_fire3"]},
"hurt_guard":{"category":"master","sounds":["hurt_guard1","hurt_guard2","hurt_guard3"]},
"hurt_nodamege":{"category":"master","sounds":["hurt_nodamege1","hurt_nodamege2","hurt_nodamege3","hurt_nodamege4"]},
"hurt_snow":{"category":"master","sounds":["hurt_snow1","hurt_snow2","hurt_snow3","hurt_snow4"]},
"installation":{"category":"master","sounds":["installation1","installation2","installation3","installation4","installation5","installation6","installation7"]},
"laughter":{"category":"master","sounds":["laughter1","laughter2","laughter3"]},
"living_cold":{"category":"master","sounds":["living_cold1","living_cold2","living_cold3"]},
"living_daytime":{"category":"master","sounds":["living_daytime1","living_daytime10","living_daytime11","living_daytime12","living_daytime13","living_daytime14","living_daytime15","living_daytime16","living_daytime17","living_daytime18","living_daytime19","living_daytime2","living_daytime20","living_daytime21","living_daytime22","living_daytime23","living_daytime24","living_daytime25","living_daytime26","living_daytime27","living_daytime28","living_daytime29","living_daytime3","living_daytime30","living_daytime31","living_daytime32","living_daytime33","living_daytime34","living_daytime35","living_daytime36","living_daytime37","living_daytime38","living_daytime39","living_daytime4","living_daytime40","living_daytime41","living_daytime42","living_daytime43","living_daytime44","living_daytime45","living_daytime46","living_daytime47","living_daytime48","living_daytime49","living_daytime5","living_daytime50","living_daytime51","living_daytime52","living_daytime53","living_daytime54","living_daytime55","living_daytime56","living_daytime57","living_daytime58","living_daytime59","living_daytime6","living_daytime60","living_daytime7","living_daytime8","living_daytime9"]},
"living_hot":{"category":"master","sounds":["living_hot1","living_hot2"]},
"living_mornig":{"category":"master","sounds":["living_mornig1","living_mornig2","living_mornig3","living_mornig4"]},
"living_morning":{"category":"master","sounds":["living_morning1","living_morning2","living_morning3"]},
"living_night":{"category":"master","sounds":["living_night1","living_night2"]},
"living_rain":{"category":"master","sounds":["living_rain1","living_rain2","living_rain3"]},
"living_snow":{"category":"master","sounds":["living_snow1","living_snow2","living_snow3","living_snow4"]},
"living_whine":{"category":"master","sounds":["living_whine1","living_whine2","living_whine3","living_whine4","living_whine5"]},
"Recontract":{"category":"master","sounds":["Recontract1","Recontract2","Recontract3"]},
"shoot":{"category":"master","sounds":["shoot1","shoot2","shoot3","shoot4"]},
"shoot_burst":{"category":"master","sounds":["shoot_burst1","shoot_burst2","shoot_burst3"]},
"sighting":{"category":"master","sounds":["sighting1","sighting2","sighting3","sighting4"]},
"TNT_D":{"category":"master","sounds":["TNT_D1","TNT_D2","TNT_D3"]}
}

